标题,作者,译者,出版社,价格,评分,简介,详细链接
About Face 4: 交互设计精髓,[美] 艾伦·库伯、[美] 罗伯特·莱曼、[美] 戴维·克罗宁、[美] 克里斯托弗·诺埃塞尔,倪卫国、刘松涛、杭敏、薛菲,电子工出版社,118.00元,8.6,《About Face 4: 交互设计精髓》是《About Face 3：交互设计精髓》的升级版，此次升级把全书的结构重组优化，更加精练和易用；更新了一些适...,https://book.douban.com/subject/26642302/
启示录,[美] Marty Cagan,七印部落,华中科技大学出版社,36.00元,8.5,为什么市场上那么多软件产品无人问津，成功的产品凤毛麟角？怎样发掘有价值的产品？拿什么说服开发团队接受你的产品设计？如何将敏捷方法融入产品开发？过去二十多年，...,https://book.douban.com/subject/5914587/
设计心理学1,[美] 唐纳德·A·诺曼,小柯,中信出版社,42.00元,8.5,如果在旅馆里弄不清楚怎么开水龙头，或者面对不熟悉的炉灶或电灯开关时，即使再聪明的人也会手足无措。唐纳德•A•诺曼大胆地指出，不是你太笨，而是物品的设计没有考...,https://book.douban.com/subject/26102860/
点石成金,[美] 史蒂夫·克鲁克,De Dream',机械工业出版社,39.00元,8.5,可用性设计是Web设计中最重要也是最困难的一项任务。《点石成金》的作者根据自己多年从业的经验，剖析用户的心理，在用户使用的模式、为浏览进行设计、导航设计、主...,https://book.douban.com/subject/1827702/
简约至上,[英] Giles Colborne,李松峰、秦绪文,人民邮电出版社,35.00,8.4,追求简单易用是人类的本性，无论是互联网产品。还是移动应用。亦或其他交互式设计，简单易用始终都是赢得用户的关键。同时，简单易用的程度也与产品寿命的长短密切相关...,https://book.douban.com/subject/5394309/
设计心理学,Donald Norman,梅琼,中信出版社,23.00,8.2,设计心理学，ISBN：9787800739255，作者：（美）唐纳德·A.·诺曼（Donald A. Norman）著；梅琼译；梅琼译,https://book.douban.com/subject/1288844/
用户体验要素,Jesse James Garrett,范晓燕,机械工业出版社,39.00元,8.3,《用户体验要素:以用户为中心的产品设计(原书第2版)》是AJAX之父Jesse James Garrett的经典之作。本书用简洁的语言系统化地诠释了设计、技...,https://book.douban.com/subject/6523997/
破茧成蝶,刘津、李月, ,人民邮电出版社,69.00,8.5,市面上已经有很多专业的用户体验书籍，但解决用户体验设计师在职场中遇到的众多现实问题的图书并不多见。本书从用户体验设计师的角度出发，系统地介绍了其职业生涯中的...,https://book.douban.com/subject/25915629/
交互设计：原理与方法,顾振宇, ,清华大学出版社,88,9.0,传统设计的信条——“形式追随功能”，意味着设计师具备一种由内而外的设计思维方式，首先发现一种有用性，并确定内容或功能（机能），然后设计相适应的交互界面和形式...,https://book.douban.com/subject/26978939/
Don't Make Me Think,Steve Krug, ,New Riders Press,$35.00,8.4,"Five years and more than 100,000 copies after it was first published, it's har...",https://book.douban.com/subject/1440223/
行为设计学(打造峰值体验)(精),〔美 〕奇普·希思、〔美 〕丹·希思,靳婷婷,中信出版社,68.00,7.9,"体验经济时代，除了产品和服务，人们更关注情感体验和自我实现。
据诺贝尔经济学奖得主丹尼尔？卡尼曼研究，人们对一段经历的感受取决于两个时刻：“峰值”（最好或最...",https://book.douban.com/subject/30322083/
认知与设计,Jeff Johnson,张一宁、王军锋,人民邮电出版社,CNY 69.00,8.8,本书语言清晰明了，将设计准则与其核心的认知学和感知科学高度统一起来，使得设计准则更容易地在具体环境中得到应用。涵盖了交互计算机系统设计的方方面面，为交互系统...,https://book.douban.com/subject/25932290/
About Face 3 交互设计精髓,Alan Cooper、Robert Reimann、David Cronin,刘松涛,电子工业出版社,72.00元,8.6,本书是一本数字产品和系统的交互设计指南，全面系统地讲述了交互设计过程、原理和方法，涉及的产品和系统有个人电脑上的个人和商务软件、Web应用、手持设备、信息亭...,https://book.douban.com/subject/3279105/
认知与设计,Jeff Johnson,张一宁,人民邮电出版社,59.00元,8.6,本书语言清晰明了，将设计准则与其核心的认知学和感知科学高度统一起来，使得设计准则更容易地在具体环境中得到应用。涵盖了交互计算机系统设计的方方面面，为交互系统...,https://book.douban.com/subject/6792322/
人人都是产品经理,苏杰, ,电子工业出版社,45.00元,7.6,这是写给“-1到3岁的产品经理”的书，适合刚入门的产品经理、产品规划师、需求分析师，以及对做产品感兴趣的学生，用户体验、市场运营、技术部门的朋友们，特别是互...,https://book.douban.com/subject/4723970/
关键设计报告,[美] 比尔·莫格里奇,许玉铃,中信出版社,218.00元,8.4,《关键设计报告:改变过去影响未来的交互设计法则》讲述了交互设计所有最基本的东西：交互设计的发展历史和由来，交互设计领域里的关键人物，交互设计的基本原则和方法...,https://book.douban.com/subject/6024020/
界面设计模式（第2版）,泰德维尔 (Jenifer Tidwell),蒋芳,电子工业出版社,CNY 119.00,8.5,"模式意味着重用。
好的模式建立在对人与事物的深刻认知之上。
本书开篇即总结了“与人有关”的各类问题，为读者提供了界面设计总体思路上的指引，帮助读者举一反三。...",https://book.douban.com/subject/25716088/
用户体验度量：收集、分析与呈现（第2版）（全彩）,【美】TOM TULLIS（汤姆 图丽斯）、【美】Bill Albert（比尔 艾博特） 著,周荣刚、秦宪刚,电子工业出版社,99.00,8.8,如何量化用户体验对有效提高产品的使用质量至关重要。《用户体验度量：收集、分析与呈现（第2版）（全彩）》详尽地介绍了如何有效且可靠地收集、分析和呈现典型的用户...,https://book.douban.com/subject/26710486/
用户体验的要素,Jesse James Garrett,范晓燕,机械工业出版社,25.00,8.2,"这不是一本关于“怎样做（How-to）”的书。有很多很多讨论如何建设网站的书，这本不是。
这不是一本关于技术的书。在这里你找不到一行代码。
这不是一本有答案...",https://book.douban.com/subject/2297549/
微交互,塞弗 (Dan Saffer),李松峰,人民邮电出版社,35.00元,7.5,平庸的产品与伟大的产品差就差在细节上。作者Dan Saffer将通过这本书展示怎么设计微交互，即位于功能之内或周边的那些交互细节。你的手机怎么静音？你怎么知...,https://book.douban.com/subject/25744600/
简约至上,[英] 贾尔斯·科尔伯恩,李松峰,人民邮电出版社,59.00元,8.6,本书介绍交互式设计的技术与技巧，讲述如何从目标用户的需求和期望出发，结合人类本身的心理特征和行为特点，用简单的方法创建易用、有效且让用户愉悦的设计。书中阐释...,https://book.douban.com/subject/30253370/
设计师要懂心理学,[美] Susan Weinschenk,徐佳、马迪、余盈亿,人民邮电出版社,49.00元,7.5,《设计师要懂心理学》出自国际知名的设计心理学博士Susan M. Weinschenk之手，内容实用，示例清晰，以创造美观实用的设计为宗旨，讨论了设计师必须...,https://book.douban.com/subject/23708491/
Hooked,Nir Eyal, ,CreateSpace Independent Publishing Platform,USD 31.55,8.0,"Why do some products capture our attention, while others flop?
What makes us e...",https://book.douban.com/subject/25808226/
Web表单设计,[美] Luke Wroblewski,卢颐、高韵蓓,清华大学出版社,49.00元,8.6,精心设计的表单，能让用户感到心情舒畅，愉快地注册、付款和进行内容创建和管理，这是促成网上商业成功的秘密武器。本书通过独到、深邃的见解，丰富、真实的实例，道出...,https://book.douban.com/subject/4886100/
精益创业实战,Ash Maurya,张玳,图灵文化发展有限公司,39.00元,8.8,《精益创业实战(第2版)》融合了精益创业法、客户开发、商业模式画布和敏捷／持续集成的精华，讲解精益创业实战法。作者以自己的创业项目为主线，结合大量真实案例，...,https://book.douban.com/subject/20505765/
用户思维+：好产品让用户为自己尖叫,[美] Kathy Sierra,石航,人民邮电出版社,69.00元,8.3,畅销产品与普通产品的本质区别是什么？若没有巨额预算、不爱营销噱头、不开奢华的产品发布会，如何打造可持续成功的产品？本书针对上述问题提出了新颖的观点：用户并不...,https://book.douban.com/subject/27129563/
信息架构,[美] 路易斯·罗森菲尔德、[美] 彼得·莫尔维莱、[美] 豪尔赫·阿朗戈,樊旺斌、师蓉,电子工业出版社,128.00元,8.0,本书的前三个版本都是信息架构领域的开山著作。其中描述了信息组织的普遍和永恒原则，这一原则也适用于不断增长的移动世界。在第4版中，作者运用大量最新的插图和例子...,https://book.douban.com/subject/26809374/
设计心理学,[美]唐纳德·A·诺曼,梅琼,中信出版社,30.00元,8.1,诺曼博士用诙谐的语言讲述了许多我们日常生活中常常会遇到的挫折和危险，帮我们找到了这些问题的关键，即产品设计忽略了使用者在一定情境中的真实需求，甚至违背了认知...,https://book.douban.com/subject/4606471/
破茧成蝶2,刘津、孙睿, ,人民邮电出版社,79,8.3,互联网下半场来袭，从业者需要做出怎样的变化，以应对风云突变的大环境呢？本书主要讲述“用户导向”的设计师，与“业绩导向”的产品经理，在瞬息万变的互联网新时代如...,https://book.douban.com/subject/30276274/
设计心理学,唐纳德·A·诺曼,小柯、张磊、何笑梅、欧秋杏,中信出版社,CNY 168.00,8.6,"《设计心理学1：日常的设计》
如果在旅馆里弄不清楚怎么开水龙头，或者面对不熟悉的炉灶或电灯开关时，即使再聪明的人也会手足无措。唐纳德A诺曼大胆地指出，不是你...",https://book.douban.com/subject/26742341/
设计的125条通用法则（全本）,［美］威廉·立德威尔（William Lidwell）、［美］克里蒂娜·霍顿（Kritina Holden）、［美］吉尔·巴特勒（Jill Butler）,陈丽丽、吴奕俊,中国画报出版社,168,9.5,《设计的125条通用法则》自2003年初次出版以来，经数次修订，被翻译成法语、德语、西班牙语、葡萄牙语、意大利语、荷兰语、捷克语、克罗地亚语、俄语、日语、韩...,https://book.douban.com/subject/30475363/
通用设计方法,贝拉·马丁（Bella Martin）、布鲁斯·汉宁顿（Bruce Hanington）,初晓华,中央编译出版社,100.00元,8.3,"*揭开复杂、昂贵、费时的用户研究方法的神秘面纱
*创建跨学科设计团队共享
*视觉呈现极具说服力的实例介绍
*介绍运用这些设计方法有助于优化设计研究策略的最佳...",https://book.douban.com/subject/24869618/
Designing Interactions,Bill Moggridge, ,MIT Press,GBP 30.95,9.0,Digital technology has changed the way we interact with everything from the ga...,https://book.douban.com/subject/1894206/
移动应用UI设计模式（第2版）,[美] Theresa Neil,田原,人民邮电出版社,79.00元,8.1,《移动应用UI设计模式（第2版）》是畅销手册的扩容版，上一版分10大类分别介绍了70种移动应用设计模式，深受读者欢迎。这一版分11 大类介绍了时下安卓、iO...,https://book.douban.com/subject/26296679/
用户体验面面观,[美] 库涅夫斯基(Mike Kuniavsky),汤海,清华大学出版社,69.00,7.7,这是一本专注于用户研究和用户体验的经典读物，同时也是一本容易上手的实战手册，从实践者的角度，着重讨论和阐述了用户研究的重要性、主要的用户研究方法和工具，同时...,https://book.douban.com/subject/4818690/
Web界面设计,Bill Scott、Theresa Neil,李松峰,电子工业出版社,80.00元,8.7,当前的Web已经进入崭新的时代！本书涵盖了在基于独一无二的Web环境下、在创建丰富体验的过程中设计Web界面的最佳实践、模式和原理。UI专家Bill Sco...,https://book.douban.com/subject/3821157/
交互设计沉思录,Jon Kolko,方舟,机械工业出版社华章公司,49.00元,7.8,本书由交互设计领域的思想领袖Jon Kolko所著，是交互设计领域的里程碑之作。本书完美地将当代设计理论和研究成果融入交互设计实践中，将对交互设计的阐释和分...,https://book.douban.com/subject/19934344/
决胜UX,[美] Jaime Levy,胡越古,人民邮电出版社,59.00元,7.9,这本书展示了一个实践用户体验策略的可靠框架。这套框架特别为开发创新型产品设计，包含众多实用技巧。具体内容分为11章：第1章确定用户体验策略是什么；第2章确定...,https://book.douban.com/subject/26899670/
体验设计白书,张玳, ,人民邮电出版社,49.00元,8.6,本书讲述体验设计理念。主要内容包括：体验的定义和设计原则，体验设计的流程及具体实例，体验设计过程中会用到的工具、遇到的主要问题。,https://book.douban.com/subject/26857698/
用户体验可视化指南,James Kalbach,UXRen翻译组,人民邮电出版社,79.00,8.4,第一部分，作者阐明了用户体验可视化的基础和价值，以及如何赋能企业和组织的战略规划。我们通过可视化方式将视野放的更宽，来帮助我们去重新审视所面临竞争者、重新审...,https://book.douban.com/subject/30181078/
设计心理学2,[美] 唐纳德•A•诺曼,张磊,中信出版社,42.00元,7.8,在本书中，诺曼博士探讨了为什么我们的生活需要复杂，而不是简单，而设计促成了复杂生活的实现。作者以清晰而又轻松的行文，为读者讲解了为什么我们渴望的不是简单。当...,https://book.douban.com/subject/26424608/
About Face 3：交互设计精髓,[美] 艾伦·库伯、[美] 罗伯特·瑞宁、[美] 大伟·克洛林,刘松涛,电子工业出版社,98.00元,8.8,《About Face3交互设计精髓(经典再现软精装版)》是一本数字产品和系统的交互设计指南，全面系统地讲述了交互设计过程、原理和方法，涉及的产品和系统有个...,https://book.douban.com/subject/10557282/
设计方法与策略,[荷]代尔夫特理工大学工业设计工程学院,倪裕伟,华中科技大学出版社,89.9,8.3,"情感设计创始人唐纳德A.诺曼、创新工场用户体验总监吴卓浩推荐。荷兰设计典范，50年经验积累。彩印、精装。
大型网络公开课程“代尔夫特设计方法”（Delft ...",https://book.douban.com/subject/25927569/
为真实的世界设计,[美] 维克多·帕帕奈克,周博,中信出版社,88.00元,8.6,《为真实的世界设计》是美国设计理论家维克多·帕帕奈克最重要的著作。在这本当时颇具争议的著作中，帕帕奈克提出自己对于设计目的性的新看法，即设计应该为广大人民服...,https://book.douban.com/subject/19912141/
步步为赢,董尚昊, ,人民邮电出版社,79.8,8.3,本书以互联网公司中交互设计的完整流程为基础，涵盖了设计师在设计方案过程中的所有环节。本书将交互设计理论知识和设计方法与真实案例结合，系统介绍应用性较强的交互...,https://book.douban.com/subject/34969052/
触动人心,Josh Clark,包季真,电子工业出版社,79.00元,8.4,"本书是《Tapworthy: Designing Great iPhone Apps》的中文翻译版。
可能你设计网站产品或软件界面早已得心应手，可是遇到了i...",https://book.douban.com/subject/6864391/
Web信息架构(第3版),Peter Morville、Louis Rosenfeld,陈建勋,电子工业出版社,85.00,8.2,本书涵盖了信息架构基本原理和实践应用的方方面面。全书共7个部分，包括信息架构概述、信息架构的基本原理、信息架构的开发流程和方法论、信息架构实践、信息架构与组...,https://book.douban.com/subject/3169342/
点石成金,[美] 克鲁格 (Steve Krug),蒋芳,机械工业出版社,CNY 59.00,8.2,《点石成金：访客至上的Web和移动可用性设计秘笈（原书第3版）》是一本关于Web设计原则而不是Web设计技术的书。《点石成金：访客至上的Web和移动可用性设...,https://book.douban.com/subject/26313852/
规律与逻辑,孔雅轩, ,人民邮电出版社,99.00元,评价人数少于10人,暂无简介,https://book.douban.com/subject/35021011/
亲爱的界面,[瑞士] Lukas Mathis,王军锋、杨蕾、曾小进,人民邮电出版社出版,49.00元,8.0,《亲爱的界面——让用户乐于使用、爱不释手》主要介绍如何设计出具有可用性的应用程序和网站，不但让用户乐于使用，而且令其爱不释手。可用性是设计大厦的基石，作者详...,https://book.douban.com/subject/20278578/
设计心理学3,[美] 唐纳德•A•诺曼 著,何笑梅、欧秋杏,中信出版社,42.00元,7.8,为了解释情感因素在设计领域扮演的角色，本书详细探讨情感元素的三个不同层面：包含本能的（ 产品的外观式样与质感）、行为的（ 产品的功能）和反思的（ 个人的感受...,https://book.douban.com/subject/26424688/
交互设计指南,Dan Saffer,陈军亮、陈媛嫄、李敏,机械工业出版社,33.00元,7.6,本书对交互设计的来源和本质作了很好的介绍。书中包含了作者十多年来对交互设计的一些深刻理解，对如何做好交互设计有很强的实践价值。在本书第3～8章中，贯穿了一个...,https://book.douban.com/subject/4881989/
Envisioning Information,Edward R. Tufte, ,Graphics Pr,GBP 30.00,评价人数少于10人,暂无简介,https://book.douban.com/subject/1861189/
在你身边，为你设计,腾讯公司用户研究与体验设计部, ,电子工业出版社,69.00元,7.2,设计属于所有人，也意在为所有人使用，这既是设计的价值，也是设计的责任。本书内容包括：设计理念、设计方法、用户研究、体验设计、设计流程和工具，以及团队成长与管...,https://book.douban.com/subject/20471302/
触类旁通,[美] Josh Clark,C7210,电子工业出版社,69.00元,8.3,本书深入触屏人机交互构成的核心，以大量的用户调研数据为基础，分析了多终端时代触屏设备用户使用习惯的变化及其对设计的影响，总结出了触屏界面设计原则和规律，并给...,https://book.douban.com/subject/27027629/
交互设计,.,刘晓晖、张景,电子工业出版社,39.00元,7.6,,https://book.douban.com/subject/1229926/
用户体验设计,[瑞典] 乔尔·马什,王沛,人民邮电出版社,59.00元,7.6,本书共包含100个小课程，被归到不同的章节中，课程的顺序大致遵循真实项目中用户体验设计的实际流程，涵盖与用户体验相关的常见话题，包括：用户体验常识和基本概念...,https://book.douban.com/subject/30221659/
服务设计与创新实践,宝莱恩 (Andy Polaine)、乐维亚 (Lavrans Lovlie)、里森 (Ben Reason),王国胜、张盈盈、付美平、赵芳,清华大学出版社,CNY 69.00,7.7,产品经济的时代渐行渐远，在以服务为主导的新经济时代，在强调体验和价值的互联网时代，如何才能做到提前想用户之所想？如何比用户想得更周到？如何设计可用、好用和体...,https://book.douban.com/subject/26464952/
语音用户界面设计：对话式体验设计原则,【美】Cathy Pearl（凯瑟 彼尔）,王一行,电子工业出版社,79.00元,7.6,《语音用户界面设计：对话式体验设计原则》是一本由拥有17年从业经验的资深语音用户界面设计(VUI)系统设计专家Cathy Pearl撰写的语音设计经典，从V...,https://book.douban.com/subject/27188306/
设计调研（第2版）,戴力农, ,电子工业出版社,69.00元,7.5,设计调研是设计专业学生和设计师在信息时代需要掌握的一项基本技能，因此《设计调研（第2版）》全方位地就这一主题开展讨论。首先定性地介绍了常用的数据采集方法，如...,https://book.douban.com/subject/26841181/
写给大家看的设计书（第4版）,[美] Robin Williams,苏金国、李　盼 等,人民邮电出版社,79.00元,8.9,"在这个创意无处不在的时代，越来越多的人成为设计师。简历、论文、PPT、个人主页、博客、活动海报、给客人的邮件、名片……，处处都在考验你的设计能力。
美术功课...",https://book.douban.com/subject/26657933/
用户体验要素：以用户为中心的产品设计（原书第2版）,[美] Robin Williams, ,人民邮电出版社,79.00元,评价人数少于10人,暂无简介,https://book.douban.com/subject/33403542/
随心所欲,Stephen Wendel,张一弛、孙锦龙,电子工业出版社,108.00元,7.3,一大批新产品正在帮助人们改变他们的日常行为和做事方式，这其中包括让人多锻炼(Jawbone Up)、管理个人资金(HelloWallet)，亦或是整理邮箱(...,https://book.douban.com/subject/26719922/
图解力,木村博之 (Hiroyuki Kimura),吴晓芬、顾毅,人民邮电出版社,CNY 79.00,7.7,"国际信息图设计金奖得主
教你做出不失败的信息图！
=================================
读图时代，你必须有这本！
◎72个章节...",https://book.douban.com/subject/24719002/
情感化设计,[美] Donald A.Norman；,付秋芳、程进三,电子工业出版社,36.00元,评价人数少于10人,暂无简介,https://book.douban.com/subject/1314262/
设计师式认知,[英]Nigel Cross,任文永、陈实、沈浩翔,华中科技大学出版社,36.00元,7.5,20世纪70年代末，随着新的设计教育方法的不断发展，“设计师式认知”的概念逐渐浮现。1982年，Nigel Cross教授在《Design Studies》...,https://book.douban.com/subject/21965490/
UI设计蓝湖火花集：交互+视觉+产品+体验,[英]Nigel Cross, ,华中科技大学出版社,36.00元,评价人数少于10人,暂无简介,https://book.douban.com/subject/34688714/
无界面交互,[美]Golden Krishna,杨名,人民邮电出版社,49.00元,7.0,"“真希望在硅谷工作的人们已经读过这本书了。”——Doug LeMoine，Cooper总经理
“这本书的写作看似随意，字里行间却透着一种辛辣、幽默的反叛精神...",https://book.douban.com/subject/26947799/
匠心体验,[法] 艾米丽·布歇,吴　博,人民邮电出版社,69.00元,8.5,本书针对在智能手机和平板电脑的网站及应用程序设计，详细剖析了移动终端服务的用户体验设计要点，阐述了营造舒适的感官体验、甄选内容及功能、提高用户效率、优化等待...,https://book.douban.com/subject/26899667/
写给大家看的设计书,Robin Williams、John Tollett,杨庆康,人民邮电出版社,59.00元,8.2,《写给大家看的设计书:实例与创意》是两位世界级设计师的合作经典。他们用简练有趣的语言让复杂的设计问题变得通透易懂。从标志到名片，再从广告牌到宣传册，这里汇集...,https://book.douban.com/subject/4837333/
超越平凡的平面设计,[美] 麦克韦德, ,人民邮电出版社,49.00元,8.7,本书是美国著名平面设计师John McWade的第二本有关平面设计的著作。与《超越平凡的平面设计——怎样做好版式》一样，本书也是享誉全球的Before&Af...,https://book.douban.com/subject/5323008/
用户体验设计指南：从方法论到产品设计实践,蔡贇、康佳美、王子娟, ,电子工业出版社,99,8.3,现如今，在互联网领域，用户体验逐渐成为一个炙手可热的关键词，用户体验设计师也逐渐成为产品开发设计团队重要的成员。可以说，这是个用户体验为王的时代，人人都在讨...,https://book.douban.com/subject/34897704/
设计心理学4,［美］唐纳德•A•诺曼,小柯,中信出版社,42,7.5,"本书是唐纳德•A•诺曼继《设计心理学1：日常的设计》、《设计心理学2 ：与复杂共处》和《设计心理学3 ：情感化设计》之后的又一力作。
本书讲述了未来的产品设...",https://book.douban.com/subject/26647363/
交互设计之路,库帕,Chris Ding,电子工业出版社,38.00元,7.9,本书是基于众多商务案例，讲述如何创建更好的、高客户忠诚度的软件产品和基于软件的高科技产品的书。本书列举了很多真实可信的实际例子，说明目前在软件产品和基于软件...,https://book.douban.com/subject/1493316/
IDEO，设计改变一切,蒂姆•布朗(Tim Brown),侯婷,北方联合出版传媒（集团）股份有限公司，万卷出版公司,45.00元,7.5,"IDEO总裁兼首席执行官蒂姆•布朗 最新著作
创新工场董事长兼首席执行官  李开复 隆重推荐
这不是写给设计师看的书，是为追求设计思考的组织及个人打造的蓝图...",https://book.douban.com/subject/6522698/
视觉传达设计实践,靳埭强, ,北京大学出版社,99.00,7.6,如何构思适当的意念，以及如何将意念传达为恰切的形式，是设计实践的关键所在。本书作者香港著名平面设计大师靳埭强，通过解析大量亲历的经典设计实例，以“意念”“形...,https://book.douban.com/subject/26530670/
The Design of Everyday Things,Don Norman, ,Basic Books,USD 17.99,8.9,Even the smartest among us can feel inept as we fail to figure out which light...,https://book.douban.com/subject/21983611/
硅谷设计之道,王欣, ,机械工业出版社,119元,8.8,"第1~2章介绍了什么是用户体验设计，概述了硅谷的设计行业简史，并以各种公司和组织里用户体验设计所扮演的角色来向读者介绍体验设计。
第3章讨论创意流程。不只是...",https://book.douban.com/subject/30774766/
移动设计,傅小贞、胡甲超、郑元拢, ,电子工业出版社,69.00元,7.7,移动应用的交互设计对于移动产品的体验来说有着决定性的作用。作者首先从人-机-环的角度出发来阐述移动应用的设计，并建立了移动应用设计的基本原则；其次，根据移动...,https://book.douban.com/subject/24753137/
UX Strategy,Jaime Levy, ,O'Reilly Media,GBP 27.99,7.6,User experience (UX) strategy requires a careful blend of business strategy an...,https://book.douban.com/subject/26638401/
说服式设计七原则：用设计影响用户的选择,[美] 维克托 • 约科,李锦贞,人民邮电出版社,49.00元,8.0,本书是“将关键的心理学原则应用于设计”的入门书，提供了具体可行的方法与详细指导，读者无须拥有心理学背景就能理解本书涉及的诸多概念。主要内容包括：人类的行为特...,https://book.douban.com/subject/30367812/
设计之下,搜狐新闻客户端UED团队, ,电子工业出版社,CNY 69.00,7.5,形而上者谓之道，形而下者谓之器。匠者，器也。处身平凡的匠人不断追求向上的设计之道。本书没有华丽的辞藻和长篇大论的理论，作者是搜狐一线的设计团队，写作过程中他...,https://book.douban.com/subject/25817190/
设计中的视觉思维,维尔, ,陈媛嫄,39.00元,7.8,《设计中的视觉思维》主要介绍视觉思维的原理，并用这些原理来指导视觉图像的设计。哪些颜色和形状比较突出和醒目、在什么样的情况下应用图像来代替文字等都是设计细节...,https://book.douban.com/subject/4020885/
交互思维：详解交互设计师技能树（全彩）,维尔, ,陈媛嫄,39.00元,6.5,一位合格的特别是优秀的交互设计师，应该掌握的技能有哪些？本书作者在互联网行业深耕九年，通过不断地思考与总结，对这个问题做了全面的回答。书中描绘了一张技能树地...,https://book.douban.com/subject/33405808/
幕后产品,王诗沐, ,电子工业出版社,69,8.3,网易云音乐在激烈的竞争中实现了红海突围，获得了很好的口碑，实现了用户量行业前三，这一切离不开背后的核心人物王诗沐。在《幕后产品：打造突破式产品思维》一书中作...,https://book.douban.com/subject/33396395/
方寸指间,无线工坊, ,电子工业出版社,48,7.8,互联网已经全面进入了无线时代，越来越多的设计师开始投身到移动浪潮中。在追求短频快的产品节奏下，需要设计师快速地领会移动设计的要点。这本移动设计手册将顺应这个...,https://book.douban.com/subject/25817261/
锦绣蓝图,[美] 沃德科 (Christina Wodtke)、[美] 戈夫拉 (Austin Govella),蔡芳,人民邮电出版社,59.00,8.0,Web 2.0和社会化大趋势下，你的网站发展喜人，但是问题也接踵而来：信息变得越来越庞杂无序，业务流程愈加复杂，搜索和导航越来越难，用户对使用体验的要求也越...,https://book.douban.com/subject/4076216/
交互系统新概念设计(用户绩效和用户体验设计准则)/UI\UE系列丛书,阿维·法利赛 (Avi Parush), ,机械工业出版社,CNY 79.00,评价人数少于10人,暂无简介,https://book.douban.com/subject/27023063/
情境交互设计,[美]凯伦·霍尔兹布拉特（Karen Holtzblatt）、[美] 休·拜尔 （Hugh Beyer）, ,朱上上、贾璇、陈正捷,124.80,评价人数少于10人,暂无简介,https://book.douban.com/subject/30531267/
以匠心，致设计：网易 UEDC 用户体验设计,网易用户体验设计中心, ,电子工业出版社,95.00元,7.8,"为什么网易云音乐的体验流畅细腻、富有温度？为什么网易严选App的UI设计让人感到温馨、舒适？为什么网易蜗牛读书App的界面设计让用户爱不释手……
《以匠心，...",https://book.douban.com/subject/30302327/
Web界面设计,Bill Scott、Theresa Neil,李松峰,电子工业出版社,108.00,8.6,当前的Web已经进入崭新的时代！《Web界面设计》涵盖了在基于独一无二的Web环境下、在创建丰富体验的过程中设计Web界面的最佳实践、模式和原理。UI专家B...,https://book.douban.com/subject/26345173/
随意搜寻,Peter Morville,沈浩翔,华中科技大学出版社,CNY 68.00,8.1,在这个信息爆炸的年代，我们如何找到出路？在纷繁交错的信息流中，我们如何筛选出想要的信息？既然Google已经魔法般地将正确答案呈现在我们面前，为什么信息架构...,https://book.douban.com/subject/25746680/
人因工程学导论,（美）威肯斯,张侃（等）,华东师范大学出版社,69.80元,8.3,人因学作为一门新兴的学科，在当今工业设计领域越来越受重视，这本《人因工程学导论》的主要意图是对人因学原理进行清楚直观的说明。本书作者之一，美国伊利诺伊大学的...,https://book.douban.com/subject/2184961/
B端产品设计与开发,（美）威肯斯, ,华东师范大学出版社,69.80元,8.4,本书介绍了企业级和消费级产品的关键不同，给出了企业级产品开发过程各种难点的解决方案。你将从中学到如何掌握三大类知识：机构知识、产品知识和行业知识。本书重点探...,https://book.douban.com/subject/34868484/
搞砸了的设计,[日] 中村聪史,邬佳笑,人民邮电出版社,79.00元,6.9,1. 现在有很多书都教人如何做出成功的设计，但是对于成功的定义众说纷纭，成功的法则亦莫衷一是。在眼花缭乱之际，不妨将目光转向那些“搞砸了”的设计，看看它们有...,https://book.douban.com/subject/26850578/
乔纳森传,[美] 利恩德·卡尼,汪琪、岳卉、王文雅,中信出版社,49.00元,7.3,这是第一本聚焦苹果首席设计师乔纳森·艾夫的传记。乔纳森在英国学习了传统的工业设计理论，致力于将设计与生产过程相结合，并结合自己对于设计的理解，形成了独有的乔...,https://book.douban.com/subject/25786645/
Irresistible,Adam Alter, ,Penguin Press,USD 27.00,评价人数少于10人,暂无简介,https://book.douban.com/subject/26990872/
瞬间之美,"[美] Robert Hoekman, Jr.",向怡宁,人民邮电出版社,45.00元,8.0,"本书特色：
本书通过重现用户面对Web应用时由始至终的完整情境，主要针对Web应用中几乎所有相关元素，例如Search、Screencast、Blog 、W...",https://book.douban.com/subject/3886044/
产品的视角：从热闹到门道,后显慧, ,机械工业出版社,69.00,7.4,"本书在创造性的提出互联网产品定义的基础上，为读者提供了一个从0基础到产品操盘手的产品思维培养方法！
全书以互联网产品定义为基础，提出了产品思维学习的RAC模...",https://book.douban.com/subject/26697007/
第三种创新,罗伯托·维甘提 (Roberto Verganti),戴莎,中国人民大学出版社,CNY 52.90,7.9, 《第三种创新》的作者罗伯托•维甘提是创新管理权威专家，米兰理工大学管理学院与设计学院教授，关于意大利设计管理的研究荣获意大利设计界最高荣誉——金罗盘奖。...,https://book.douban.com/subject/25852219/
绝密原型档案,Gara, ,人民邮电出版社,69.0,6.2,"本书重心是阐述如何设计产品原型，笔者根据多个项目的实战经验，在解读原型制作过程的同时分享了一些切实有效的工作方法。
本书共有8章。第1章和读者一起探索产品设...",https://book.douban.com/subject/26815804/
交互的未来,[美] Amber Case,蒋文干、刘文仪、余声稳、王　李,人民邮电出版社,39.00元,7.2,普适计算之父马克 ? 韦泽曾指出，影响最深远的技术是隐匿不见的，它们如纤维般融入日常生活，丝丝入扣，直至不可分辨，这样的平静技术将在 21 世纪起主导作用。...,https://book.douban.com/subject/27133266/
设计体系：数字产品设计的系统化方法,[英] 阿拉 • 霍尔马托娃,望以文,人民邮电出版社,59.00元,6.9,"产品经理和设计师需要懂技术吗？开发人员需要懂设计吗？
应当先做设计再出规范，还是先出规范再做设计？
如果老板的意见与设计师自己的想法相左，设计师应该坚持己见...",https://book.douban.com/subject/34889050/
软件观念革命,[美] Alan Cooper、[美] Robert M. Reimann,詹剑锋、张知非,电子工业出版社,89.00,8.7,本书是一本设计数字化产品的启蒙书，它在帮助您设计更有吸引力、更有效的对话框的同时，还将帮助您理解用户如何了解、学习您的软件，以及与之交互的方式。本书着重讲述...,https://book.douban.com/subject/1392475/
Communicating Design中文版:高效设计沟通之道(原书第2版),Dan M. Brown,田俊静、曾少宁、谢俊,机械工业出版社华章公司,59.00元,6.9,成功的网站设计团队依赖开发人员与客户之间的良好沟通，也离不开开发团队内部成员之间的沟通。线框图、站点地图、流程图和其他设计图建立了一种公共的语言，利用它，设...,https://book.douban.com/subject/6872932/
Design systems,Dan M. Brown, ,机械工业出版社华章公司,59.00元,8.8,Not all design systems are equally effective. Some can generate coherent user ...,https://book.douban.com/subject/27180431/
101 Design Methods,Vijay Kumar, ,Wiley,USD 34.95,8.9,This is the first step-by-step guidebook for successful innovation planning. U...,https://book.douban.com/subject/11228565/
品牌交互化设计,马克.斯皮斯, ,中国青年出版社,89.90,评价人数少于10人,暂无简介,https://book.douban.com/subject/30134184/
设计调研,戴力农, ,电子工业出版社,49.00元,7.5,设计调研是设计专业学生和设计师在信息时代需要掌握的一项基本技能，因此本书全方位地就这一主题开展讨论。首先定性地介绍了常用的数据采集方法，如观察法、访谈法、问...,https://book.douban.com/subject/25842108/
移动应用UI设计模式,[美] Theresa Neil、Theresa Neil,王军锋、郭偎、武艳芳,人民邮电出版社,49.00元,7.3,"内容简介：
当你迫于压力，要制作出设计精良、易于使用的移动应用时，根本就没时间进行完全的创新。这本简要的手册提供了70多种移动应用设计模式作为参考，包括了从...",https://book.douban.com/subject/20381558/
設計思考改造世界,Tim Brown, ,聯經出版公司,NTD360元,8.9,"Design   打動人心，設計思考不只關乎風格
Design　＋　Thinking　用設計思考轉動世界
Tim Brown：改造一切由設計開始
善用設計思...",https://book.douban.com/subject/5263559/
服务设计思维,雅各布施耐德、马克斯迪克多恩,郑军荣,江西美术出版社,88.00元,7.3,雅各布·施耐德、马克·斯迪克多恩著郑军荣编译的《服务设计思维》主要由三大部分构成。基础知识篇阐明了服务设计思维的基本概念以及它与服务营销的关系。这个章节尤其...,https://book.douban.com/subject/26898405/
This Is Service Design Thinking,Marc Stickdorn, ,Wiley,253.00元,9.1,How to design and market services to create outstanding customer experiences  ...,https://book.douban.com/subject/6915786/
赢在用户,[美]Steve Mulder、[美]Zivv Yarr,范晓燕,机械工业出版社,29.00,8.0,您如何保证您的网站确实给予用户他们所需要的，并对您产生商业成果？您需要了解谁是您的用户，您的用户的目标、行为和观点是什么，还要把他们的需求当成您的第一要务。...,https://book.douban.com/subject/2157554/
信息设计实用指南,(美)龙尼·利普顿,王毅、刘小麓,上海人民美术出版社,68.00元,8.3,《信息设计实用指南》展示如何创建各种信息设计材料，让它们既能为受众服务，又能为提供这些信息设计的公司或组织服务。对这个过程的了解，在《信息设计实用指南》中由...,https://book.douban.com/subject/2980860/
Designing Interfaces,Jenifer Tidwell, ,O'Reilly Media,USD 49.95,8.7,Designing a good interface isn't easy. Users demand software that is well-beha...,https://book.douban.com/subject/1455616/
为人的设计,[美] 亨利·德莱福斯,陈雪清、于晓红,译林出版社,39.00元,7.0,美国最伟大的工业设计师之一亨利·德莱福斯从自己丰富的实践经验出发，讲述如何设身处地设计出便于人们使用的产品。《为人的设计》文字生动风趣，配有作者亲笔绘制的幽...,https://book.douban.com/subject/23261868/
支付宝体验设计精髓,支付宝AUX团队, ,机械工业出版社,79,7.0,本书是支付宝用户体验设计团队（AUX）12年工作经验的总结，是支付宝从工具产品走向生活服务平台的用户体验设计实战精华，是支付宝为4.5亿用户提供卓越用户体验...,https://book.douban.com/subject/26910220/
讓設計自然存在的新·設計教科書,後藤武、佐佐木正人、深澤直人,黃友玫,漫遊者文化事業股份有限公司,NT$450,8.5,"「簡單」才是不簡單！
當代日本設計大師深澤直人第一手剖析「剛剛好合適」
生態心理學X工業設計 X建築的三方對話
從理論、案例與關鍵字，融會貫通設計各領域的思...",https://book.douban.com/subject/23513683/
Communicating Design,Dan Brown, ,New Riders Press,USD 44.99,评价人数少于10人,暂无简介,https://book.douban.com/subject/1861298/
企业创新101设计法,[美]维杰•库玛,胡小锐、黄一舟,中信出版社,59.00元,8.0,创新未必都能带来突破。当前，企业组织普遍缺乏一套有效的创新工具和方法。实际上，创新是一门科学，专注于用户体验正是完美创新的起点，科学而标准化的创新方法能够为...,https://book.douban.com/subject/25865988/
工程心理学与人的作业,克里斯托弗 D.威肯斯、贾斯廷 G. 霍兰兹、西蒙•班伯里,张侃、孙向红,机械工业出版社,85.00元,9.0,本书是当今西方使用最广、影响最大的一本工程心理学教科书，由美国最富盛名的专家所著。主要讲述工程设计、使用过程中人—机交互的心理因素，意在从心理的角度关注并改...,https://book.douban.com/subject/25943583/
U一点·料,阿里巴巴集团 1688用户体验设计部, ,机械工业出版社,79.00元,7.9,《U一点·料——阿里巴巴1688UED体验设计践行之路》是1688UED团队历经多年实践之后的心血之作，书中以“道─术─器”的思路为编排脉络，从设计观、思考...,https://book.douban.com/subject/26594029/
SSA：用户搜索心理与行为分析,[美] 罗森菲尔德（Louis Rosenfeld）,汤海、蔡复青,清华大学出版社,59.00,8.0,何为站内搜索分析（SSA）？它如何帮助你挖掘用户搜索曰志，从中洞悉用户搜索心理和行为，从而有针对性地改善用户体验，提升网站价值？这些都可以从《SSA：用户搜...,https://book.douban.com/subject/25861848/
人本界面,（美）拉斯基,史元春,机械工业出版社,39.00元,7.4,《人本界面:交互式系统设计》概述了人机界面设计领域的研究成果，详细论证了界面设计思想应以认知学为基础，并考虑人类的心智特点，在指出当前界面设计中弊端的同时，...,https://book.douban.com/subject/5416997/
Designing for People,Henry Dreyfuss, ,Allworth Press,USD 21.95,评价人数少于10人,暂无简介,https://book.douban.com/subject/1499178/
IDEO Method Cards,Henry Dreyfuss, ,Allworth Press,USD 21.95,评价人数少于10人,暂无简介,https://book.douban.com/subject/3430960/
设计问题(创新模式与交互思维第3辑)(精)/设计思想论丛,布鲁斯·布朗、理查德·布坎南、卡尔·迪桑沃、丹尼斯·当丹、维克多·马格林,孙志详、辛向阳,清华大学出版社,88.00元,评价人数少于10人,暂无简介,https://book.douban.com/subject/27196978/
视界·无界,王涵(牛MO王), ,电子工业出版社,69.8,7.1,作为一名从事设计职业的设计师，或者正在通往成为设计师道路的朋友，都会遇到很多这样或那样的问题。什么是UI？和其他职业有什么区别？我该学什么软件？从零基础如何...,https://book.douban.com/subject/26809099/
交互设计:设计思维与实践,由芳、王建民、肖静如, ,电子工业出版社,69元,6.9,《交互设计:设计思维与实践》可作为设计学专业中交互设计、用户研究、可用性测试等相关课程的专业教材。读者对象主要包括专注于数字产品设计和用户体验的交互设计师、...,https://book.douban.com/subject/27001398/
Rust权威指南,Steve Klabnik、Carol Nichols,毛靖凯、唐刚、沙渺,电子工业出版社,159,8.5,本书由 Rust 核心开发团队编写而成，由浅入深地探讨了 Rust 语言的方方面面。从学习函数、选择数据结构及绑定变量入手，逐步介绍所有权、trait、生命...,https://book.douban.com/subject/35081743/
产品逻辑之美：打造复杂的产品系统,潘一鸣 编著, ,电子工业出版社,79.00元,7.6,互联网已经深刻地改变了这个时代。为了更好地满足用户的需求，互联网产品背后的系统逻辑也变得越来越复杂。为了跟上时代的脚步，每一个互联网从业者都需要不断升级自己...,https://book.douban.com/subject/34762042/
交互设计语言,潘一鸣 编著, ,电子工业出版社,79.00元,评价人数少于10人,暂无简介,https://book.douban.com/subject/30395968/
Axure RP 7 原型设计精髓,[美]Ezra Schwartz、[美]Elizabeth Srail,七印部落,华中科技大学出版社,96.00元,8.9,"Axure创始人作序推荐。本书并获得了中国读者的一致好评，成为阿里巴巴设计师们的必备书籍，并被多家著名的高校、培训机构选为Axure教材。
作者Ezra 和...",https://book.douban.com/subject/26591499/
设计的法则,"威廉·立德威尔(William Lidwell) (作者), 克里蒂娜·霍顿(Kritina Holden) (作者), 吉尔·巴特勒(Jill Butler)",李婵,辽宁科学技术出版社,88.00元,8.7,《设计的法则》按照英文字母顺序编排，因此读者可以根据法则名称迅速找到参考法则。如果你专门对某一设计问题感兴趣，《设计的法则》也按照设计师常见的问题类别来编排...,https://book.douban.com/subject/4845129/
Solving Product Design Exercises,Artiom Dashinsky, ,Independently published,USD 39.99,8.6,Practice your product design and UX skills. Prepare for your next job intervie...,https://book.douban.com/subject/30232654/
用户体验草图设计,比尔·巴克斯顿(Bill Buxton),黄峰,电子工业出版社,168.00元,7.6,"《用户体验草图设计:正确地设计,设计得正确(全彩)》：比尔·盖茨亲笔推荐版
人因国际、百度、华为、微软、腾讯用户体验部门联合推荐!",https://book.douban.com/subject/4201552/
人本界面,（美）拉斯基（Jef Raskin）,史元春,机械工业出版社,28.0,7.9,如果我们想克服目前人机界面上的固有缺陷，就很有必要理解本书的教义；若无此愿望，读读也无妨。交互设计的许多重要方面此书并没有包括在内，因为许多文献中都已经有详...,https://book.douban.com/subject/1138771/
A Touch of Code,Robert Klanten, ,Die Gestalten Verlag,GBP 40.00,8.6,Today’s designers are creating compelling atmospheres and interactive experien...,https://book.douban.com/subject/5960812/
NASA 视觉设计标准手册,Robert Klanten, ,Die Gestalten Verlag,GBP 40.00,评价人数少于10人,暂无简介,https://book.douban.com/subject/27118683/
用户界面设计,施奈德曼 (ShneidermanBen),张国印,电子工业出版社,38.0,6.9,本书面向交互系统的设计、管理和评估人员，综合论述了交互系统中用户界面的设计、实现、管理、维护、培训和改进等方面的内容。具体包括交互式软件的人性因素，涉及对多...,https://book.douban.com/subject/1237890/
信息设计,简·维索基·欧格雷迪(O＇Grady.J.V.),郭瑽,凤凰出版传媒集团，译林出版社,98.00元,8.5,《信息设计》以一种极具启发性的方式展示了一系列振奋人心的设计作品，表现了形式与功能的完美均衡，切实而深入地探讨了对于信息的组织与视觉呈现。针对各种需求——无...,https://book.douban.com/subject/4308069/
Pencil Me in,Christina Wodtke, ,Boxes & Arrows,427.41元,评价人数少于10人,暂无简介,https://book.douban.com/subject/31161440/
Information Architecture for the World Wide Web,Peter Morville、Louis Rosenfeld, ,O'Reilly Media,USD 39.99,8.3,"The post-Ajaxian Web 2.0 world of wikis, folksonomies, and mashups makes well-...",https://book.douban.com/subject/1878625/
設計的法則,威廉‧立德威（William Lidwell）、克汀娜‧荷登（Kritina Holden）、吉兒‧巴特勒（Jill Butler）,呂亨英,原點出版社,新台幣600元,9.2,"好設計，真有法則可遵循嗎？
為什麼有的設計，就是比較好看、好用，
甚至成為經典？
完整揭露「好設計為什麼好？」的100個祕密。
深入淺出，圖解抽象的設計原理...",https://book.douban.com/subject/3154020/
极简设计,[美] 哈特穆特·艾斯林格,朱宏,电子工业出版社,109.00元,7.7,如果三十多年前艾斯林格没有遇见乔布斯，你我今天看到的iPhone和MacBook也许不是现在这个样子，当然，也许根本就没有这么酷的手机和什么平板电脑，甚至你...,https://book.douban.com/subject/26851260/
怦然心动——情感化交互设计指南（修订版）,[美]Stephen P. Anderson,侯景艳、胡冠琦、徐磊,人民邮电出版社,49.00,6.9,本书精彩地阐述出了当人们访问网站，打开软件，购买实体产品和被某人吸引时的心理状态，并且非常深入地用心理学的方法解释了刺激和触发人类行为的因素。书中提供的众多...,https://book.douban.com/subject/26340963/
觸覺不思議,仲谷正史、筧康明、三原聡一郎、南澤孝太, ,劉格安,2017-5-11,评价人数少于10人,暂无简介,https://book.douban.com/subject/27165970/
重新设计工作,杰森·福克斯（Jason Fox）,李龙乔,清华大学出版社,39,7.8,难道只有胡萝卜加大棒和奖励才能调动员工的动力和创造力吗？其实还有第三种选择。本书作者作为激励策略与设计专家，介绍了如何借鉴游戏激励机制，运用游戏化思维来重新...,https://book.douban.com/subject/26978933/
游戏化思维,[美] 凯文·韦巴赫（Kevin Werbach）、[美]  丹·亨特（Dan Hunter）,周逵、王晓丹,浙江人民出版社,36.90,6.9,"[内容简介]
●本书由开设了全世界第一个游戏化课程的沃顿商学院副教授凯文·韦巴赫和丹·亨特所著，第一次全面系统地介绍游戏化的理论，阐述了如何将游戏的理念应用...",https://book.douban.com/subject/25862775/
增长黑客,Sean Ellis,张溪梦,中信出版集团股份有限公司,CNY 59.00,8.3,"脸谱网如何从默默无闻到坐拥二十几亿用户？
爱彼迎、优步何以在短短时间估值超过百亿美元？
领英怎样跨步成为全球领先的职业社交平台?
这些初创公司实现爆发式成长...",https://book.douban.com/subject/27593848/
Designing the User Interface,Ben Shneiderman、Catherine Plaisant, ,Addison Wesley,USD 105.00,评价人数少于10人,暂无简介,https://book.douban.com/subject/1481855/
Thoughtless Acts?,Jane Fulton Suri、Ideo, ,Chronicle Books,USD 29.95,8.8,"From IDEO, the global innovation and design firm responsible for such landmark...",https://book.douban.com/subject/1366830/
UX权威指南,[美]雷克斯·哈特森 (Rex Hartson)、[美]帕德哈·派拉 (Pardha Pyla),樊旺斌,机械工业出版社,129,5.9,本书是关于设计交互的指南，其中介绍了整个用户体验生命周期流程，旨在揭示良好的用户体验是由哪些方面构成的，以及可以通过什么样的过程来保证良好的用户体验效果。主...,https://book.douban.com/subject/27050689/
设计方法卡牌,罗莎 等, ,电子工业出版社,79.00,8.3,本套设计素材提供了54种设计方法，以卡牌的形式展示给读者，每张卡牌包括该设计方法的基本描述、目的、时间成本、工具渠道、使用阶段、操作步骤及其归类属性等信息。...,https://book.douban.com/subject/27091052/
User Interface Design for Programmers,Avram Joel Spolsky, ,Apress,USD 29.95,8.4,Most programmers' fear of user interface (UI) programming comes from their fea...,https://book.douban.com/subject/1463950/
精益设计,Jeff Gothelf,张玳,人民邮电出版社,49.00元,7.8,本书作者根据精益创业法的理念归纳出了行之有效的精益设计方法，让设计团队可以用更低的成本、更高的效率设计出更好的用户体验。本书重点介绍了如何利用精益设计来改善...,https://book.douban.com/subject/24896848/
Don't Make Me Think,Steve Krug, ,New Riders Press,USD 35.00,8.5,People won't use your web site if they can't find their way around it. Wheth...,https://book.douban.com/subject/1901208/
和谐界面,海姆,李学庆,电子工业出版社,49.00元,7.3,《国外计算机科学教材系列·和谐界面:交互设计基础》阐述了如何将人机交互的研究和理论应用到交互设计过程中，涵盖并超越了传统的人机交互范围。每章首先讨论HCI主...,https://book.douban.com/subject/3109564/
用户故事地图,Jeff Patton,李涛、向振东,清华大学出版社,59.00元,7.5,用户故事地图作为一种有效的需求工具，越来越广泛地应用于开发实践中。本书以用户故事地图为主题，强调以合作沟通的方式来全面理解用户需求，涉及的主题包括怎么以故事...,https://book.douban.com/subject/26760348/
数字时代儿童产品设计,[美] Debra Levin Gelman,倪裕伟,华中科技大学出版社,72.80,9.2,情绪化、以自我为中心、缺少耐心、倔强，这些儿童身上表现出的典型特征一直以来使得为儿童设计网站和App成为令人望而生畏的任务。然而，只要掌握一点儿童心理学方面...,https://book.douban.com/subject/27144862/
多设备时代的UI设计法则,原田秀司, ,中国青年出版社,CNY 69.80,6.9,本书从网站架构、设备界面、体验设计三个方面，系统地提炼出72条适合当下多设备时代的UI设计方法，以期为用户打造完美的使用体验。同时，讲解思路也不拘泥于界面设...,https://book.douban.com/subject/26904742/
情感設計,Donald A. Norman,翁鵲嵐、鄭玉屏、張志傑,田園城市文化事業有限公司,NT$360,8.5,你可曾疑惑為何便宜的葡萄酒倒在別緻的玻璃酒杯中，品嘗起來就特別美味？或是為什麼洗過的車或打過蠟的車感覺特別好開？新的研究顯示，有吸引力的東西的確會比較好用。...,https://book.douban.com/subject/1867943/
A Project Guide to UX Design,Russ Unger、Carolyn Chandler, ,New Riders Press,USD 39.99,8.9,"""If you are a young designer entering or contemplating entering the UX field t...",https://book.douban.com/subject/3421275/
决胜B端,杨堃, ,电子工业出版社,69.00元,8.2,《决胜B端——产品经理升级之路》试图提炼了互联网B端产品设计和管理的通用思路和方法，本书一共分为4篇。“概述篇”描述互联网行业的盈利模式及发展趋势，让读者对...,https://book.douban.com/subject/33454250/
设计的思考,周陟, ,清华大学出版社,无69元,8.2,本书是知名设计师历经7年沉淀的设计思路与方法论集合，其中既保留了个人的情绪与判断，也时常回想笔者多年来对设计理解的变化。内容包含五大部分：设计项目管理、设计...,https://book.douban.com/subject/34444463/
网站情感化设计与内容策略,[美] 沃尔特、[美] 姬辛,王兴,人民邮电出版社,39.00,6.9,"一个网站或者Web产品是否能够脱颖而出，往往取决于两个方面：用户体验与内容。
在《网站情感化设计与内容策略》的第一部分“情感化设计”中，用户体验设计专家通过...",https://book.douban.com/subject/26148534/
Make It So,Nathan Shedroff、Christopher Noessel, ,Rosenfeld Media,USD 39.00,评价人数少于10人,暂无简介,https://book.douban.com/subject/19949802/
洞察用户体验,[美] 古德曼 (Elizabeth Goodman)、[美] 库涅夫斯基 (Mike Kuniavsky)、[美] 莫德 (Andrea Moed),刘吉昆,清华大学出版社,89.00元,7.2,《洞察用户体验:方法与实践(第2版)(修订版)》适合所有有志于从事用户体验设计和研究的读者阅读，也适合任何一个希望有所建树的产品和服务策划、研究与设计人员阅...,https://book.douban.com/subject/26640058/
Universal Principles of Design,William Lidwell、Kritina Holden、Jill Butler, ,Rockport Publishers,USD 40.00,评价人数少于10人,暂无简介,https://book.douban.com/subject/1920714/
好产品拼的是共情力,[美]乔恩·科尔科, ,赵婷,2019-7-15,6.2,全流程、系统性、有方法，有案例，将共情力运用在产品的方方面面。产品开发领域教科书，全球产品界殿堂级大师、美国交互设计协会主席、《交互设计沉思录》作者乔恩·科...,https://book.douban.com/subject/34447550/
Interaction Design,Yvonne Rogers、Helen Sharp、Jenny Preece, ,Wiley,CAD 83.95,8.9,"A revision of the #1 text in the Human Computer Interaction field, Interaction...",https://book.douban.com/subject/6864501/
UI设计与认知心理学（全彩）,Yvonne Rogers、Helen Sharp、Jenny Preece, ,Wiley,CAD 83.95,评价人数少于10人,暂无简介,https://book.douban.com/subject/34855617/
交互式系统设计,Yvonne Rogers、Helen Sharp、Jenny Preece, ,Wiley,CAD 83.95,评价人数少于10人,暂无简介,https://book.douban.com/subject/26932933/
形式感+：网页视觉设计创意拓展与快速表现,晋小彦, ,清华大学出版社,59.00元,8.2,网页设计师从早年的综合性工作中分化出来，形成了相对独立的专业岗位，网页设计也不再是单纯的软件应用，它衍生出了许多独立的研究方向，当网站策划、交互体验都逐渐独...,https://book.douban.com/subject/25795270/
移动应用界面设计,Steven Hoober、Eric Berkman,林敏,机械工业出版社,110,5.9,在成千上万的移动应用中，如何使你的应用脱颖而出，立即吸引住用户，本书提供了非常实用的技巧，可以帮助你设计优秀的移动应用界面。通过阅读本书，你将了解用户界面设...,https://book.douban.com/subject/25962183/
怦然心动,Steven Hoober、Eric Berkman, ,机械工业出版社,110,8.0,《怦然心动:情感化交互设计指南》精彩地阐述出了当人们访问网站，打开软件，购买实体产品和被某人吸引时的心理状态，并且非常深入地用心理学的方法解释了刺激和触发人...,https://book.douban.com/subject/10540744/
简单法则,（美）前田约翰（John Maeda）,张凌燕,机械工业出版社,30.00,7.0,"科技只会继续变复杂，采用简单策略来突出自己的产品能够产生经济效益。
按钮太多的遥控器，功能繁复的电子用品，必须读过数十页使用手册才会安装的软件……复杂的科技...",https://book.douban.com/subject/25917134/
我們的行為是怎樣被設計的,匡山、羅伯・法布坎,趙盛慈,大塊文化,500元,评价人数少于10人,暂无简介,https://book.douban.com/subject/34957261/
Making Ideas Happen,Scott Belsky, ,Portfolio Hardcover,USD 26.95,8.5,"How the world's leading innovators push their ideas to fruition, time and time...",https://book.douban.com/subject/4605137/
Getting Started with Processing,Casey Reas、Ben Fry, ,"Maker Media, Inc",USD 19.99,8.3,"Learn computer programming the easy way with Processing, a simple language tha...",https://book.douban.com/subject/4282585/
配色设计原理,奥博斯科编辑部,暴凤明,中国青年出版社,59.00元,7.7,《配色设计原理》保证让您学到实用而又系统的配色知识！《配色设计原理》通过简明易懂的示例作品，逐条讲解了绝对不可背离的配色理论；将具体的设计案例进行修改前后的...,https://book.douban.com/subject/4165856/
Observing the User Experience,Mike Kuniavsky, ,Morgan Kaufmann,GBP 42.99,8.5,"The gap between who designers and developers imagine their users are, and who ...",https://book.douban.com/subject/1441403/
Persuasive Technology,B.J. Fogg, ,Morgan Kaufmann,USD 39.95,8.5,Can computers change what you think and do? Can they motivate you to stop smok...,https://book.douban.com/subject/1888484/
UML基础、案例与应用,施穆勒,李虎、赵龙刚,人民邮电出版社,42.00元,8.2,本书教读者循序渐进地、系统地学习UML基础知识和应用技术。和前一版相比，本书内容根据UML 2.0进行了补充和更新，随书光盘包含了建模工具Poseidon的...,https://book.douban.com/subject/1231142/
用户体验设计成功之道,[澳]Jodie Moule,程时伟、孙凌云,人民邮电出版社,49,5.6,用户体验设计以理解产品、服务或系统终端用户的行为为出发点，寻找这些因素的最佳交互方式，从而产生值得回味、快乐的，甚至是有点令人惊讶的设计体验。作为一门独立的...,https://book.douban.com/subject/25833190/
去繁从简,[澳]Jodie Moule, ,人民邮电出版社,49,评价人数少于10人,暂无简介,https://book.douban.com/subject/35043964/
设计这件事(回归原点的设计),[澳]Jodie Moule, ,人民邮电出版社,49,评价人数少于10人,暂无简介,https://book.douban.com/subject/27590890/
新媒体跨界交互设计,[澳]Jodie Moule, ,人民邮电出版社,49,评价人数少于10人,暂无简介,https://book.douban.com/subject/30613742/
源于自然的设计,马克纳,樊旺斌,机械工业出版社,99.00元,7.8,本书由世界级著名设计师倾力打造，美国AIGA设计协会主席Debbie Millman作序鼎力推荐，Amazon全五星畅销书。它不仅是一本优美的设计启示录，而...,https://book.douban.com/subject/20275952/
写给大家看的设计书（第3版）,[美] Robin Williams,苏金国、刘亮,人民邮电出版社,49.00元,8.6,这本书出自一位世界级设计师之手。复杂的设计原理在书中凝炼为亲密性、对齐、重复和对比4 个基本原则。作者以其简洁明快的风格，将优秀设计所必须遵循的这4 个基本...,https://book.douban.com/subject/3323633/
Computers as Theatre,Brenda Laurel, ,Addison-Wesley Professional,USD 29.99,评价人数少于10人,暂无简介,https://book.douban.com/subject/24538361/
Generative Art,Matt Pearson, ,Manning Publications,GBP 25.99,8.5,"Artists have always explored new media, and computer-based artists are no exce...",https://book.douban.com/subject/6004474/
Designing for the Digital Age,Kim Goodwin, ,John Wiley & Sons,GBP 57.50,8.9,"Whether you’re designing consumer electronics, medical devices, enterprise Web...",https://book.douban.com/subject/3792134/
一个人的产品：写给非设计师的设计书,【美】Erik Klimczak,著 张卷益,电子工业出版社,95,7.7,在用户体验被提升到决定产品生死高度的时代，非设计人员最好也懂点设计知识。《一个人的产品：写给非设计师的设计书》讲述从产品创意直至产品原型整个过程中所涉及的设...,https://book.douban.com/subject/26906839/
交互设计及经典案例点评,陈根, ,化学工业出版社,69.00,7.4,本书对日常生活中的交互现象、交互设计基础概念、如何进行交互设计、交互设计的基本程序和实用的方式方法、交互设计师的重要性、交互设计成功与否的可用性测试、交互技...,https://book.douban.com/subject/27010317/
需求分析与系统设计,麦斯阿塞克(Leszek A.Maciaszek),马素霞、王素琴、谢萍,机械工业出版社,59.00元,7.1,本书论述了软件分析和设计的迭代增量式过程，讨论软件分析与设计的原理、方法和技术，并特别关注了设计阶段，对软件体系结构的内容进行了很大的扩充。本书强调对象技术...,https://book.douban.com/subject/4031964/
工程和设计中的人因学,Mark Sanders、Ernest McCormick, ,于瑞峰、卢岚,78.00元,8.4,《工程和设计中的人因学(第7版)》的核心是论述人因学的问题，即研究“为人所用而设计”（DesigningforHumanUse）的问题。它把系统中的人作为着...,https://book.douban.com/subject/3746065/
闲言碎语,周陟, ,清华大学出版社,69元,7.6,本书是知名设计师历经7年沉淀的设计思路与方法论集合，其中既保留了个人的情绪与判断，也时常回想笔者多年来对设计理解的变化。内容包括五章：设计方法、设计反思、设...,https://book.douban.com/subject/34433960/
贴心设计,[美] Jakob Nielsen、Raluca Budiu,牛化成,人民邮电出版社,59.00,7.8,"如何才能为今天的智能手机和平板电脑用户设计出最棒的网站和应用？如何在受到限制的小型设备上创造出让人满意的用户体验？
本书提供了至关重要的洞见，帮助你制定移动...",https://book.douban.com/subject/24720342/
未来产品的设计,Donald A.Norman,刘松涛,电子工业出版社,39.00,7.5,本书是Donald A. Norman继《日常物品设计》和《情感化设计》之后的又一力作，讲述的是未来产品的设计，重点在于在人机交互方面的设计。书中对未来产品...,https://book.douban.com/subject/3817241/
秩序之美,Vinh, ,人民邮电,35.00元,7.7,"怎样才能设计出简洁大方而不落于俗套的超人气网站？纽约时报网站的资深设计师Khoi Vinh在这《秩序之美——网页中的网格设计》一书中将为你揭示其中的奥秘。
...",https://book.douban.com/subject/6393626/
精益创业UX篇——高效用户体验设计,(美)Laura Klein, ,郭晨、马伟,2016-3,7.4,"创业需要好的设计，精益创业的用户体验设计是一种更快更智能的用户体验设计方法。
本书讲述了众多精益用户体验设计的特点，通过多角度的学习读者将学会更精益、更好、...",https://book.douban.com/subject/26741022/
交互设计,李世国、顾振宇, ,中国水利水电出版社,52.00元,7.4,《交互设计》全面介绍了交互设汁的起源、基本概念和交互系统的组成以及交互设计过程中的主要方法、原则和评估技术。全书共9章，第1-4章阐述了交互设计的基础，包括...,https://book.douban.com/subject/10435874/
這就是服務設計思考,Marc Stickdorn、Jakob Schneider,池熙璿,中国生产力中心,TWD 900,8.1,哈彿大學管理策略大師麥可．波特（Michael Porter）於去年5月31日在FSG Shared Value Leadership 高峰會談中提出，未來...,https://book.douban.com/subject/25908518/
魔法师与他的学徒们：MIT媒体实验室的创新密码,FRANK MOSS, ,中信出版集团股份有限公司,CNY 58.00,评价人数少于10人,暂无简介,https://book.douban.com/subject/26929958/
Talk to Me,"Jamer Hunt (Author)、Alexandra Midal (Author)、Paola Antonelli (Author, Editor)", ,"The Museum of Modern Art, New York",USD 35.00,8.3,"Since the introduction of the personal computer in the early 1980s, many objec...",https://book.douban.com/subject/6796583/
Interaction Design,Helen Sharp、Yvonne Rogers、Jenny Preece, ,John Wiley & Sons,GBP 49.99,8.1,"The classic text, Interaction Design by Sharp, Preece and Rogers is back in a ...",https://book.douban.com/subject/2050858/
交互式系统原理与设计,奥沙利文, ,第1版 (2006年7月1日),45.0,8.3,本书深入浅出介绍了人机交互系统的原理与应用，内容涉及电子原理基础、设备选型、建立集成电路、微处理编程、计算机通信、转换和交互设计、传感控制、设备间通信、声光...,https://book.douban.com/subject/1844685/
Sketching User Experiences,Saul Greenberg、Sheelagh Carpendale、Nicolai Marquardt、Bill Buxton, ,Morgan Kaufmann,GBP 12.99,评价人数少于10人,暂无简介,https://book.douban.com/subject/4726062/
设计心理学3,唐纳德•A•诺曼(Donald Arthur Norman),何笑梅、欧秋杏,中信出版社,38.00元,8.1,当用户体验成为设计界关注的热点时，诺曼博士对设计中情感因素的分析，可以说是恰当其时，他让我们把设计品与消费者之间的连接找到一个有效的进入方式。有别于传统设计...,https://book.douban.com/subject/10550576/
应需而变,Peter Merholz、Brandon Schauer、David Verba、Todd Wilkens,吴隽辰,机械工业出版社,29.00元,7.6,要在当今不断变化、不可预知的市场中获得成功，企业需要重新全面地考虑、架构自己的战略。抛弃从内而外的研发新产品，企业需要开始从外而内地着眼于流程，并且从用户体...,https://book.douban.com/subject/3665205/
Letting Go of the Words,Janice (Ginny) Redish, ,Morgan Kaufmann,USD 49.95,8.2,"""Redish has done her homework and created a thorough overview of the issues in...",https://book.douban.com/subject/2579849/
The Persona Lifecycle,John Pruitt、Tamara Adlin, ,Morgan Kaufmann,USD 89.95,评价人数少于10人,暂无简介,https://book.douban.com/subject/1813824/
设计调查,李乐山, ,中国建筑工业出版社,50.00元,7.5,《设计调查》是国内第一本关于设计调查的专业著作。《设计调查》作者经过七年研究和教学试用，建立了设计调查的系统方法。主要涉及工业设计、图文设计、环境艺术设计、...,https://book.douban.com/subject/2160962/
The Design of Everyday Things,Donald A. Norman, ,Basic Books,USD 16.95,8.7,"Donald Norman's best-selling plea for user-friendly design, with more than 175...",https://book.douban.com/subject/1365318/
动静之美 Sketch移动UI与交互动效设计详解,黄方闻, ,人民邮电出版社,CNY 88.00,7.5,《动静之美——Sketch移动UI与交互动效设计详解》全面、细致地介绍了Sketch软件的使用方法，以及和Sketch软件无缝衔接的几款交互动效软件的使用方...,https://book.douban.com/subject/26847053/
100 Things Every Designer Needs to Know About People,Susan Weinschenk, ,New Riders,GBP 21.99,8.2,本书出自国际知名的设计心理学专家之手，内容实用、示例清晰，以创造直观而又有吸引力的设计为宗旨，讨论了100个设计师必须知道的心理学问题，每个问题短小精悍，片...,https://book.douban.com/subject/5386062/
Designing Social Interfaces,Christian Crumlish、Erin Malone, ,Yahoo Press,USD 49.99,7.9,Knowing how to create a social website to foster user interaction and communit...,https://book.douban.com/subject/3787852/
UCD火花集,UCDChina, ,人民邮电出版社,25.00元,7.4,本书收集了UCDChina上线以来推出的13个话题，内容涵盖了产品设计的全部流程，按顺序集结到第一到第十三章中，讨论了如何研究用户、如何将用户需求应用到产品...,https://book.douban.com/subject/3670867/
设计沟通十器,Daniel M. Brown,樊旺斌,机械工业出版社,49.00元,7.6,本书提供了网站设计时所需的可交付文档资料包括：概念模型，站点地图，可用性报告等，这些文档资料是设计人员和客户进行交流的主要工具。本书深入讨论了文档推介和风险...,https://book.douban.com/subject/3348282/
用户体验草图设计,巴克斯顿(Bill Buxton), ,电子工业出版社,188.00元,7.9,用户体验草图设计：正确地设计，设计得正确（软精装版 全彩），ISBN：9787121155314，作者：（美）巴克斯顿 著，黄峰 等译,https://book.douban.com/subject/10542579/
界面设计模式,Jenifer Tidwell, ,东南大学，O‘Reilly,99.00元,8.4,尽管目前已经存在了各种各样的用户界面设计工具，设计良好的应用界面仍然不是一件容易的事情。这本畅销书是极少数可以信赖的资料，它能帮助你走出设计选项的迷宫。通过...,https://book.douban.com/subject/6710641/
Hidden in Plain Sight,Jan Chipchase、Simon Steinhardt, ,HarperBusiness,USD 28.99,7.8,Who are your next customers - not just the ones you are serving today but the ...,https://book.douban.com/subject/11233650/
Web导航设计,James Kalbach,李曦琳,电子工业出版社,69.80元,8.1,业务目标的实现，依赖于用户能够找到并使用您提供的服务。本书为您讲述创建有效导航系统的基本设计原则、开发技巧和实用建议，并附有大量的真实案例。本书研究深入，援...,https://book.douban.com/subject/3313897/
不敗經典設計,凱薩琳·麥克戴蒙（Catherine McDermott）、希拉蕊·貝揚（Hilary Beyer）,陳品秀,原點出版社,NTD$360,8.5,從壁紙、水壺、座椅、家具、電話亭、汽車、機車、電冰箱、電吉他、點唱機、隨身聽、電腦、手機、玩具機器人、筆電…，所有改變人類日常生活習性的設計物件，都是帶有傳...,https://book.douban.com/subject/4193146/
移动互联,Rachel Hinman,熊子川、李满海,清华大学出版社,69.00元,7.1,本书首先介绍移动用户体验的关键特点，接着介绍五种广泛使用的移动用户体验模式，然后介绍移动体验设计的设计实践、原型方法以及设计指南，最后讨论移动体验的前沿设计...,https://book.douban.com/subject/24845692/
Lean UX,Jeff Gothelf, ,O'Reilly Media,GBP 21.50,8.0,The Lean UX approach to interaction design is tailor-made for today's web-driv...,https://book.douban.com/subject/17458557/
设计师要懂心理学2,[美] Susan M.Weinschenk,蒋文干,人民邮电出版社,59.00元,7.7,国际知名的设计心理学专家的全新力作，内容面向未来、与时俱进，以创造直观、易用而又有吸引力的设计为宗旨，在《设计师要懂心理学》一书的基础上讨论了设计师必须知道...,https://book.douban.com/subject/26830207/
UX设计师要懂工业设计,[美] Simon King、[美] Kuen Chang,潘　婧、花　敏、缪梦雯,人民邮电出版社,59.00元,7.1,本书详细介绍了工业设计中一些常用的原则和方法，通过大量详实的案例帮助人们理解新时代的工业设计。主要内容包括：理解人类的感官和产品的一些设计原则，比如简约、耐...,https://book.douban.com/subject/30159232/
Discovering Design,"Buchanan, Richard","Margolin, Victor (EDT)",Univ of Chicago Pr,$ 28.25,评价人数少于10人,暂无简介,https://book.douban.com/subject/2820994/
【按需印刷】-飞行员脑力负荷测量与应用,"Buchanan, Richard", ,Univ of Chicago Pr,$ 28.25,评价人数少于10人,暂无简介,https://book.douban.com/subject/33388269/
Microinteractions,Dan Saffer, ,O'Reilly Media,USD 24.99,8.2,It's the little things that turn a good digital product into a great one. With...,https://book.douban.com/subject/21336456/
易用为王,[美] Eric Reiss,李会丹、张　杰,人民邮电出版社,59.00,7.1,对于一个网站而言，加载时间、导航视图、页面布局，乃至按钮的大小都属于易用性范畴。除了网站设计，易用性同样适用于移动应用和我们身边其他产品和服务的设计。易用性...,https://book.douban.com/subject/24858505/
人机交互与戏剧表演,[美] Eric Reiss, ,人民邮电出版社,59.00,7.3,《人机交互与戏剧表演：用戏剧理论构建良好用户体验（原书第2版）》由资深交互式设计师、才华横溢的技术专家亲笔撰写，历时20年全面更新，重新注入生命活力，与时俱...,https://book.douban.com/subject/26278182/
用户故事与敏捷方法,Mike Cohn,石永超、张博超,清华大学出版社,39.00元,8.0,《用户故事与敏捷方法》详细介绍了用户故事与敏捷开发方法的结合，诠释了用户故事的重要价值，用户故事的实践过程，良好用户故事编写准则，如何搜集和整理用户故事，如...,https://book.douban.com/subject/4743056/
設計的方法,Bruce Hanington、Bella Martin,趙慧芬、林潔盈、吳莉君,原點,NT 650,8.4,"■完整揭露100個業界、學界等待已久的「設計好方法」
■方法分階段，從初期到完成，引導不同階段的設計思考
■方法分目的，從靈感、創意、調查到評估，各有好方法...",https://book.douban.com/subject/21348543/
用户体验设计,[美] 奎瑟贝利、[英] 布鲁克斯,周隽,清华大学出版社,69.00元,6.8,好的故事，有助于揭示用户背景，交流用户研究结果，有助于对数据分析，有助于交流设计想法，有助于促进团队协作和创新，有助于促进共享知识的成长。如何提升讲故事的技...,https://book.douban.com/subject/25847187/
佐藤可士和的超整理术,[日] 佐藤可士和,常纯敏,江苏美术出版社,38.00,7.6,书中佐藤可士和以自己的知名设计案为例，将“超级整理术”分为三大阶段，从有形到无形分别是：空间整理、信息整理以及思考整理。从随身物品、办公环境开始，透过对于空...,https://book.douban.com/subject/3682204/
软件需求（第3版）,Karl Wiegers、Joy Beatty,李忠利、李淳、霍金健、孔晨辉,清华大学出版社,99,9.1,"编辑推荐
STC（美国技术通信学会）卓越奖获得者,国际业务分析师协会CBA兼执行VP推荐。敏捷开发和大数据时代的软件需求百科全书！一流业务分析师，项目经理，...",https://book.douban.com/subject/26307910/
创造突破性产品,Jonathan Cagan、Craig M.Vogel, ,机械工业出版社,35.00元,8.3,在《创造突破性产品:从产品策略到项目定案的创新》中作者总结多年的研究成果，指明了与产品创新相关的一系列因素，并提供了一套全新的开发突破性产品的理论与方法，该...,https://book.douban.com/subject/1139356/
Articulating Design Decisions,Jonathan Cagan、Craig M.Vogel, ,机械工业出版社,35.00元,9.0,"With Early Release ebooks, you get books in their earliest form—the author's r...",https://book.douban.com/subject/26588403/
Information Graphics,Sandra Rendgen, ,Taschen,USD 69.99,评价人数少于10人,暂无简介,https://book.douban.com/subject/10505146/
Sprint,Jake Knapp、John Zeratsky、Braden Kowitz, ,Simon & Schuster,GBP 14.60,8.6,"媒体推荐
“Every business leader I know worries about the same thing: Are we moving...",https://book.douban.com/subject/26732447/
设计思维手册：斯坦福创新方法论,Jake Knapp、John Zeratsky、Braden Kowitz, ,Simon & Schuster,GBP 14.60,8.1,我们借助俄罗斯方块来说明如何使用《设计思维手册》。首先从“理解设计思维”的各个阶段开始，然后在“变革”这一主题模块中，讨论塑造框架的最佳方法，以及战略性远见...,https://book.douban.com/subject/34918854/
游戏UI设计：修炼之道,师维, ,电子工业出版社,79.00元,7.6,《游戏UI设计：修炼之道》由一线资深设计师结合游戏UI研发的工作经验创作而成，由浅入深地为读者介绍了什么是游戏UI、游戏UI的职业角色及基础知识、游戏UI设...,https://book.douban.com/subject/30133192/
方寸有度,百度移动用户体验部, ,电子工业出版社,78.00,7.0,百度移动用户体验部（简称MUX）自2009 年成立以来，汇聚了一批有梦想、执着专注的年轻设计师，我们见证了中国移动互联网的巨大变化，也伴随百度公司移动业务的...,https://book.douban.com/subject/26983881/
Designing Interfaces中文版,Jenifer Tidwell,蒋芳,电子工业出版社,80.00元,8.3,“非常优秀！这绝对是UI设计模式领域最好的书，也是近年来交互设计领域最好的新书之一。本书清楚、简洁、引人入胜，既包括基础知识，又讲述了复杂的概念，既适合初学...,https://book.douban.com/subject/2365393/
CSS禅意花园,[美] Dave Shea、Molly E. Holzschlag,陈黎夫、山崺颋,人民邮电出版社,49.00元,8.4,这本书的作者是世界著名的网站设计师，书中的范例来自网站设计领域最著名的网站——CSS Zen Garden（CSS禅意花园）。全书分为两个主要部分。第1章为...,https://book.douban.com/subject/2052176/
潜移默化,Cennydd Bowles、James Box,De Dream,机械工业出版社华章公司,36.00元,7.9,用户体验已成为UI设计领域的重要的核心话题。以用户为中心的设计，也是以UX作为考量标准的。如果用户体验有问题，那么，设计产品的使用就会出现巨大障碍。因此，国...,https://book.douban.com/subject/6439419/
Homepage Usability,Cennydd Bowles、James Box, ,机械工业出版社华章公司,36.00元,评价人数少于10人,暂无简介,https://book.douban.com/subject/4096494/
最佳设计100细则,利德威尔,刘宏照,上海人民美术出版社,72.00元,8.3,本书按字母顺序编排，查阅方便，能迅速根据名称检索设计原则。对于有兴趣解决具体问题的读者，本书根据设计师常见的问题给通则作了分类。每一个原则均用双页的版式呈现...,https://book.douban.com/subject/1444838/
设计，在人人设计的时代,[意] 埃佐·曼奇尼,钟芳、马谨,电子工业出版社,59.00元,7.7,当今社会技术体系面临变革，巨大的社会需求和挑战不断涌现，毫不夸张地说，这是一个 人人参与设计的时代。在此背景下，无论是设计精英、草根行动派、设计教育家，还是...,https://book.douban.com/subject/26792423/
一目了然,ROBERT HOEKMAN,何潇,机械工业出版社,39.00元,7.7,"《一目了然Web软件显性设计之路》通过深入浅出地讲解与丰富的实际案例，帮助读者理解、掌握显性设计的精髓，可轻松熟练地设计出简单易用的基于Web的软件。.
我...",https://book.douban.com/subject/2298856/
服务设计：用极致体验赢得用户追随,黄蔚, ,机械工业出版社,79.00,评价人数少于10人,暂无简介,https://book.douban.com/subject/35255273/
上瘾,[美] 尼尔·埃亚尔、[美] 瑞安·胡佛,钟莉婷、杨晓红,中信出版集团,49.00元,7.4,"——为什么我们会习惯性地点开某个App？
——这种使用习惯到底是如何养成的？
——为什么有些产品能让我们戒不掉，而其他的产品却不行？
——是否有什么秘诀能让...",https://book.douban.com/subject/27030507/
Start with Why,Simon Sinek, ,Portfolio Hardcover,USD 26.95,8.3,"Why do you do what you do? 

 Why are some people and organizations more innov...",https://book.douban.com/subject/4594514/
以图代言,Kevin Cheng,江业华、七印部落,华中科技大学出版社,46.00,7.9,以往人们对漫画的印象停留在《超人》《蜘蛛侠》上，认为漫画不过是儿童读物，而忽略了漫画作为一种艺术表现形式和传播媒介的潜力。这种潜力在互联网时代才逐步显现出来...,https://book.douban.com/subject/26324467/
多设备体验设计,[美] Michal Levin,刘柏松,人民邮电出版社,59.00元,6.9,全书共8章，前半部分介绍了一个新的生态框架以及这个框架的基础——三种处理设备间关系的核心方法。后半部分探讨了衡量这些生态系统是否成功的方法，也探讨了如何克服...,https://book.douban.com/subject/26891252/
软件需求,魏格斯 (Karl Wiegers)、贝蒂 (Joy Beatty),李忠利、李淳、孔晨辉、霍金健,清华大学出版社,CNY 99.00,8.6,作为经典的软件需求工程畅销书，经由需求社区两大知名领袖结对*面修订和更新，覆盖新的主题、实例和指南，*方位讨论软件项目所涉及的所有需求开发和管理活动，介绍当...,https://book.douban.com/subject/26859001/
界与面,郗鉴, ,电子工业出版社,59.8,6.5,"适合人群：设计爱好者、UI初学者、互联网行业从业人员。
《界与面 一本写给青春设计师的书（全彩）》是一本设计文化类图书，为即将走出校门的设计专业毕业生以及刚...",https://book.douban.com/subject/26429947/
